PassengerId,Survived,Sex,Age,Embarked,FamilySize,IsAlone,Title_Master,Title_Miss,Title_Mr,Title_Mrs,Title_Rare,Embarked_C,Embarked_Q,Embarked_S
1,0,0,22.0,S,2,0,False,False,True,False,False,False,False,True
2,1,1,38.0,C,2,0,False,False,False,True,False,True,False,False
3,1,1,26.0,S,1,1,False,True,False,False,False,False,False,True
4,1,1,35.0,S,2,0,False,False,False,True,False,False,False,True
5,0,0,35.0,S,1,1,False,False,True,False,False,False,False,True
6,0,0,35.285714285714285,Q,1,1,False,False,True,False,False,False,True,False
7,0,0,54.0,S,1,1,False,False,True,False,False,False,False,True
8,0,0,2.0,S,5,0,True,False,False,False,False,False,False,True
9,1,1,27.0,S,3,0,False,False,False,True,False,False,False,True
10,1,1,14.0,C,2,0,False,False,False,True,False,True,False,False
11,1,1,4.0,S,3,0,False,True,False,False,False,False,False,True
12,1,1,58.0,S,1,1,False,True,False,False,False,False,False,True
13,0,0,20.0,S,1,1,False,False,True,False,False,False,False,True
14,0,0,39.0,S,7,0,False,False,True,False,False,False,False,True
15,0,1,14.0,S,1,1,False,True,False,False,False,False,False,True
16,1,1,55.0,S,1,1,False,False,False,True,False,False,False,True
17,0,0,2.0,Q,6,0,True,False,False,False,False,False,True,False
18,1,0,30.857142857142858,S,1,1,False,False,True,False,False,False,False,True
19,0,1,31.0,S,2,0,False,False,False,True,False,False,False,True
20,1,1,34.285714285714285,C,1,1,False,False,False,True,False,True,False,False
21,0,0,35.0,S,1,1,False,False,True,False,False,False,False,True
22,1,0,34.0,S,1,1,False,False,True,False,False,False,False,True
23,1,1,15.0,Q,1,1,False,True,False,False,False,False,True,False
24,1,0,28.0,S,1,1,False,False,True,False,False,False,False,True
25,0,1,8.0,S,5,0,False,True,False,False,False,False,False,True
26,1,1,38.0,S,7,0,False,False,False,True,False,False,False,True
27,0,0,44.0,C,1,1,False,False,True,False,False,True,False,False
28,0,0,19.0,S,6,0,False,False,True,False,False,False,False,True
29,1,1,20.142857142857142,Q,1,1,False,True,False,False,False,False,True,False
30,0,0,30.857142857142858,S,1,1,False,False,True,False,False,False,False,True
31,0,0,40.0,C,1,1,False,False,False,False,True,True,False,False
32,1,1,35.857142857142854,C,2,0,False,False,False,True,False,True,False,False
33,1,1,20.142857142857142,Q,1,1,False,True,False,False,False,False,True,False
34,0,0,66.0,S,1,1,False,False,True,False,False,False,False,True
35,0,0,28.0,C,2,0,False,False,True,False,False,True,False,False
36,0,0,42.0,S,2,0,False,False,True,False,False,False,False,True
37,1,0,44.0,C,1,1,False,False,True,False,False,True,False,False
38,0,0,21.0,S,1,1,False,False,True,False,False,False,False,True
39,0,1,18.0,S,3,0,False,True,False,False,False,False,False,True
40,1,1,14.0,C,2,0,False,True,False,False,False,True,False,False
41,0,1,40.0,S,2,0,False,False,False,True,False,False,False,True
42,0,1,27.0,S,2,0,False,False,False,True,False,False,False,True
43,0,0,44.0,C,1,1,False,False,True,False,False,True,False,False
44,1,1,3.0,C,4,0,False,True,False,False,False,True,False,False
45,1,1,19.0,Q,1,1,False,True,False,False,False,False,True,False
46,0,0,30.857142857142858,S,1,1,False,False,True,False,False,False,False,True
47,0,0,36.57142857142857,Q,2,0,False,False,True,False,False,False,True,False
48,1,1,20.142857142857142,Q,1,1,False,True,False,False,False,False,True,False
49,0,0,37.0,C,3,0,False,False,True,False,False,True,False,False
50,0,1,18.0,S,2,0,False,False,False,True,False,False,False,True
51,0,0,7.0,S,6,0,True,False,False,False,False,False,False,True
52,0,0,21.0,S,1,1,False,False,True,False,False,False,False,True
53,1,1,49.0,C,2,0,False,False,False,True,False,True,False,False
54,1,1,29.0,S,2,0,False,False,False,True,False,False,False,True
55,0,0,65.0,C,2,0,False,False,True,False,False,True,False,False
56,1,0,30.857142857142858,S,1,1,False,False,True,False,False,False,False,True
57,1,1,21.0,S,1,1,False,True,False,False,False,False,False,True
58,0,0,28.5,C,1,1,False,False,True,False,False,True,False,False
59,1,1,5.0,S,4,0,False,True,False,False,False,False,False,True
60,0,0,11.0,S,8,0,True,False,False,False,False,False,False,True
61,0,0,22.0,C,1,1,False,False,True,False,False,True,False,False
62,1,1,38.0,S,1,1,False,True,False,False,False,False,False,True
63,0,0,45.0,S,2,0,False,False,True,False,False,False,False,True
64,0,0,4.0,S,6,0,True,False,False,False,False,False,False,True
65,0,0,44.0,C,1,1,False,False,True,False,False,True,False,False
66,1,0,5.631428571428572,C,3,0,True,False,False,False,False,True,False,False
67,1,1,29.0,S,1,1,False,False,False,True,False,False,False,True
68,0,0,19.0,S,1,1,False,False,True,False,False,False,False,True
69,1,1,17.0,S,7,0,False,True,False,False,False,False,False,True
70,0,0,26.0,S,3,0,False,False,True,False,False,False,False,True
71,0,0,32.0,S,1,1,False,False,True,False,False,False,False,True
72,0,1,16.0,S,8,0,False,True,False,False,False,False,False,True
73,0,0,21.0,S,1,1,False,False,True,False,False,False,False,True
74,0,0,26.0,C,2,0,False,False,True,False,False,True,False,False
75,1,0,32.0,S,1,1,False,False,True,False,False,False,False,True
76,0,0,25.0,S,1,1,False,False,True,False,False,False,False,True
77,0,0,30.857142857142858,S,1,1,False,False,True,False,False,False,False,True
78,0,0,30.857142857142858,S,1,1,False,False,True,False,False,False,False,True
79,1,0,0.83,S,3,0,True,False,False,False,False,False,False,True
80,1,1,30.0,S,1,1,False,True,False,False,False,False,False,True
81,0,0,22.0,S,1,1,False,False,True,False,False,False,False,True
82,1,0,29.0,S,1,1,False,False,True,False,False,False,False,True
83,1,1,20.142857142857142,Q,1,1,False,True,False,False,False,False,True,False
84,0,0,28.0,S,1,1,False,False,True,False,False,False,False,True
85,1,1,17.0,S,1,1,False,True,False,False,False,False,False,True
86,1,1,33.0,S,4,0,False,False,False,True,False,False,False,True
87,0,0,16.0,S,5,0,False,False,True,False,False,False,False,True
88,0,0,30.857142857142858,S,1,1,False,False,True,False,False,False,False,True
89,1,1,23.0,S,6,0,False,True,False,False,False,False,False,True
90,0,0,24.0,S,1,1,False,False,True,False,False,False,False,True
91,0,0,29.0,S,1,1,False,False,True,False,False,False,False,True
92,0,0,20.0,S,1,1,False,False,True,False,False,False,False,True
93,0,0,46.0,S,2,0,False,False,True,False,False,False,False,True
94,0,0,26.0,S,4,0,False,False,True,False,False,False,False,True
95,0,0,59.0,S,1,1,False,False,True,False,False,False,False,True
96,0,0,30.857142857142858,S,1,1,False,False,True,False,False,False,False,True
97,0,0,71.0,C,1,1,False,False,True,False,False,True,False,False
98,1,0,23.0,C,2,0,False,False,True,False,False,True,False,False
99,1,1,34.0,S,2,0,False,False,False,True,False,False,False,True
100,0,0,34.0,S,2,0,False,False,True,False,False,False,False,True
101,0,1,28.0,S,1,1,False,True,False,False,False,False,False,True
102,0,0,30.857142857142858,S,1,1,False,False,True,False,False,False,False,True
103,0,0,21.0,S,2,0,False,False,True,False,False,False,False,True
104,0,0,33.0,S,1,1,False,False,True,False,False,False,False,True
105,0,0,37.0,S,3,0,False,False,True,False,False,False,False,True
106,0,0,28.0,S,1,1,False,False,True,False,False,False,False,True
107,1,1,21.0,S,1,1,False,True,False,False,False,False,False,True
108,1,0,30.857142857142858,S,1,1,False,False,True,False,False,False,False,True
109,0,0,38.0,S,1,1,False,False,True,False,False,False,False,True
110,1,1,14.857142857142858,Q,2,0,False,True,False,False,False,False,True,False
111,0,0,47.0,S,1,1,False,False,True,False,False,False,False,True
112,0,1,14.5,C,2,0,False,True,False,False,False,True,False,False
113,0,0,22.0,S,1,1,False,False,True,False,False,False,False,True
114,0,1,20.0,S,2,0,False,True,False,False,False,False,False,True
115,0,1,17.0,C,1,1,False,True,False,False,False,True,False,False
116,0,0,21.0,S,1,1,False,False,True,False,False,False,False,True
117,0,0,70.5,Q,1,1,False,False,True,False,False,False,True,False
118,0,0,29.0,S,2,0,False,False,True,False,False,False,False,True
119,0,0,24.0,C,2,0,False,False,True,False,False,True,False,False
120,0,1,2.0,S,7,0,False,True,False,False,False,False,False,True
121,0,0,21.0,S,3,0,False,False,True,False,False,False,False,True
122,0,0,30.857142857142858,S,1,1,False,False,True,False,False,False,False,True
123,0,0,32.5,C,2,0,False,False,True,False,False,True,False,False
124,1,1,32.5,S,1,1,False,True,False,False,False,False,False,True
125,0,0,54.0,S,2,0,False,False,True,False,False,False,False,True
126,1,0,12.0,C,2,0,True,False,False,False,False,True,False,False
127,0,0,35.285714285714285,Q,1,1,False,False,True,False,False,False,True,False
128,1,0,24.0,S,1,1,False,False,True,False,False,False,False,True
129,1,1,16.857142857142858,C,3,0,False,True,False,False,False,True,False,False
130,0,0,45.0,S,1,1,False,False,True,False,False,False,False,True
131,0,0,33.0,C,1,1,False,False,True,False,False,True,False,False
132,0,0,20.0,S,1,1,False,False,True,False,False,False,False,True
133,0,1,47.0,S,2,0,False,False,False,True,False,False,False,True
134,1,1,29.0,S,2,0,False,False,False,True,False,False,False,True
135,0,0,25.0,S,1,1,False,False,True,False,False,False,False,True
136,0,0,23.0,C,1,1,False,False,True,False,False,True,False,False
137,1,1,19.0,S,3,0,False,True,False,False,False,False,False,True
138,0,0,37.0,S,2,0,False,False,True,False,False,False,False,True
139,0,0,16.0,S,1,1,False,False,True,False,False,False,False,True
140,0,0,24.0,C,1,1,False,False,True,False,False,True,False,False
141,0,1,41.857142857142854,C,3,0,False,False,False,True,False,True,False,False
142,1,1,22.0,S,1,1,False,True,False,False,False,False,False,True
143,1,1,24.0,S,2,0,False,False,False,True,False,False,False,True
144,0,0,19.0,Q,1,1,False,False,True,False,False,False,True,False
145,0,0,18.0,S,1,1,False,False,True,False,False,False,False,True
146,0,0,19.0,S,3,0,False,False,True,False,False,False,False,True
147,1,0,27.0,S,1,1,False,False,True,False,False,False,False,True
148,0,1,9.0,S,5,0,False,True,False,False,False,False,False,True
149,0,0,36.5,S,3,0,False,False,True,False,False,False,False,True
150,0,0,42.0,S,1,1,False,False,False,False,True,False,False,True
151,0,0,51.0,S,1,1,False,False,False,False,True,False,False,True
152,1,1,22.0,S,2,0,False,False,False,True,False,False,False,True
153,0,0,55.5,S,1,1,False,False,True,False,False,False,False,True
154,0,0,40.5,S,3,0,False,False,True,False,False,False,False,True
155,0,0,30.857142857142858,S,1,1,False,False,True,False,False,False,False,True
156,0,0,51.0,C,2,0,False,False,True,False,False,True,False,False
157,1,1,16.0,Q,1,1,False,True,False,False,False,False,True,False
158,0,0,30.0,S,1,1,False,False,True,False,False,False,False,True
159,0,0,30.857142857142858,S,1,1,False,False,True,False,False,False,False,True
160,0,0,13.857142857142858,S,11,0,True,False,False,False,False,False,False,True
161,0,0,44.0,S,2,0,False,False,True,False,False,False,False,True
162,1,1,40.0,S,1,1,False,False,False,True,False,False,False,True
163,0,0,26.0,S,1,1,False,False,True,False,False,False,False,True
164,0,0,17.0,S,1,1,False,False,True,False,False,False,False,True
165,0,0,1.0,S,6,0,True,False,False,False,False,False,False,True
166,1,0,9.0,S,3,0,True,False,False,False,False,False,False,True
167,1,1,28.142857142857142,S,2,0,False,False,False,True,False,False,False,True
168,0,1,45.0,S,6,0,False,False,False,True,False,False,False,True
169,0,0,30.857142857142858,S,1,1,False,False,True,False,False,False,False,True
170,0,0,28.0,S,1,1,False,False,True,False,False,False,False,True
171,0,0,61.0,S,1,1,False,False,True,False,False,False,False,True
172,0,0,4.0,Q,6,0,True,False,False,False,False,False,True,False
173,1,1,1.0,S,3,0,False,True,False,False,False,False,False,True
174,0,0,21.0,S,1,1,False,False,True,False,False,False,False,True
175,0,0,56.0,C,1,1,False,False,True,False,False,True,False,False
176,0,0,18.0,S,3,0,False,False,True,False,False,False,False,True
177,0,0,2.1314285714285712,S,5,0,True,False,False,False,False,False,False,True
178,0,1,50.0,C,1,1,False,True,False,False,False,True,False,False
179,0,0,30.0,S,1,1,False,False,True,False,False,False,False,True
180,0,0,36.0,S,1,1,False,False,True,False,False,False,False,True
181,0,1,13.714285714285714,S,11,0,False,True,False,False,False,False,False,True
182,0,0,44.0,C,1,1,False,False,True,False,False,True,False,False
183,0,0,9.0,S,7,0,True,False,False,False,False,False,False,True
184,1,0,1.0,S,4,0,True,False,False,False,False,False,False,True
185,1,1,4.0,S,3,0,False,True,False,False,False,False,False,True
186,0,0,30.857142857142858,S,1,1,False,False,True,False,False,False,False,True
187,1,1,32.857142857142854,Q,2,0,False,False,False,True,False,False,True,False
188,1,0,45.0,S,1,1,False,False,True,False,False,False,False,True
189,0,0,40.0,Q,3,0,False,False,True,False,False,False,True,False
190,0,0,36.0,S,1,1,False,False,True,False,False,False,False,True
191,1,1,32.0,S,1,1,False,False,False,True,False,False,False,True
192,0,0,19.0,S,1,1,False,False,True,False,False,False,False,True
193,1,1,19.0,S,2,0,False,True,False,False,False,False,False,True
194,1,0,3.0,S,3,0,True,False,False,False,False,False,False,True
195,1,1,44.0,C,1,1,False,False,False,True,False,True,False,False
196,1,1,58.0,C,1,1,False,True,False,False,False,True,False,False
197,0,0,35.285714285714285,Q,1,1,False,False,True,False,False,False,True,False
198,0,0,42.0,S,2,0,False,False,True,False,False,False,False,True
199,1,1,20.142857142857142,Q,1,1,False,True,False,False,False,False,True,False
200,0,1,24.0,S,1,1,False,True,False,False,False,False,False,True
201,0,0,28.0,S,1,1,False,False,True,False,False,False,False,True
202,0,0,19.0,S,11,0,False,False,True,False,False,False,False,True
203,0,0,34.0,S,1,1,False,False,True,False,False,False,False,True
204,0,0,45.5,C,1,1,False,False,True,False,False,True,False,False
205,1,0,18.0,S,1,1,False,False,True,False,False,False,False,True
206,0,1,2.0,S,2,0,False,True,False,False,False,False,False,True
207,0,0,32.0,S,2,0,False,False,True,False,False,False,False,True
208,1,0,26.0,C,1,1,False,False,True,False,False,True,False,False
209,1,1,16.0,Q,1,1,False,True,False,False,False,False,True,False
210,1,0,40.0,C,1,1,False,False,True,False,False,True,False,False
211,0,0,24.0,S,1,1,False,False,True,False,False,False,False,True
212,1,1,35.0,S,1,1,False,True,False,False,False,False,False,True
213,0,0,22.0,S,1,1,False,False,True,False,False,False,False,True
214,0,0,30.0,S,1,1,False,False,True,False,False,False,False,True
215,0,0,36.57142857142857,Q,2,0,False,False,True,False,False,False,True,False
216,1,1,31.0,C,2,0,False,True,False,False,False,True,False,False
217,1,1,27.0,S,1,1,False,True,False,False,False,False,False,True
218,0,0,42.0,S,2,0,False,False,True,False,False,False,False,True
219,1,1,32.0,C,1,1,False,True,False,False,False,True,False,False
220,0,0,30.0,S,1,1,False,False,True,False,False,False,False,True
221,1,0,16.0,S,1,1,False,False,True,False,False,False,False,True
222,0,0,27.0,S,1,1,False,False,True,False,False,False,False,True
223,0,0,51.0,S,1,1,False,False,True,False,False,False,False,True
224,0,0,30.857142857142858,S,1,1,False,False,True,False,False,False,False,True
225,1,0,38.0,S,2,0,False,False,True,False,False,False,False,True
226,0,0,22.0,S,1,1,False,False,True,False,False,False,False,True
227,1,0,19.0,S,1,1,False,False,True,False,False,False,False,True
228,0,0,20.5,S,1,1,False,False,True,False,False,False,False,True
229,0,0,18.0,S,1,1,False,False,True,False,False,False,False,True
230,0,1,14.571428571428571,S,5,0,False,True,False,False,False,False,False,True
231,1,1,35.0,S,2,0,False,False,False,True,False,False,False,True
232,0,0,29.0,S,1,1,False,False,True,False,False,False,False,True
233,0,0,59.0,S,1,1,False,False,True,False,False,False,False,True
234,1,1,5.0,S,7,0,False,True,False,False,False,False,False,True
235,0,0,24.0,S,1,1,False,False,True,False,False,False,False,True
236,0,1,23.5,S,1,1,False,True,False,False,False,False,False,True
237,0,0,44.0,S,2,0,False,False,True,False,False,False,False,True
238,1,1,8.0,S,3,0,False,True,False,False,False,False,False,True
239,0,0,19.0,S,1,1,False,False,True,False,False,False,False,True
240,0,0,33.0,S,1,1,False,False,True,False,False,False,False,True
241,0,1,19.071428571428573,C,2,0,False,True,False,False,False,True,False,False
242,1,1,14.857142857142858,Q,2,0,False,True,False,False,False,False,True,False
243,0,0,29.0,S,1,1,False,False,True,False,False,False,False,True
244,0,0,22.0,S,1,1,False,False,True,False,False,False,False,True
245,0,0,30.0,C,1,1,False,False,True,False,False,True,False,False
246,0,0,44.0,Q,3,0,False,False,False,False,True,False,True,False
247,0,1,25.0,S,1,1,False,True,False,False,False,False,False,True
248,1,1,24.0,S,3,0,False,False,False,True,False,False,False,True
249,1,0,37.0,S,3,0,False,False,True,False,False,False,False,True
250,0,0,54.0,S,2,0,False,False,False,False,True,False,False,True
251,0,0,30.857142857142858,S,1,1,False,False,True,False,False,False,False,True
252,0,1,29.0,S,3,0,False,False,False,True,False,False,False,True
253,0,0,62.0,S,1,1,False,False,True,False,False,False,False,True
254,0,0,30.0,S,2,0,False,False,True,False,False,False,False,True
255,0,1,41.0,S,3,0,False,False,False,True,False,False,False,True
256,1,1,29.0,C,3,0,False,False,False,True,False,True,False,False
257,1,1,34.285714285714285,C,1,1,False,False,False,True,False,True,False,False
258,1,1,30.0,S,1,1,False,True,False,False,False,False,False,True
259,1,1,35.0,C,1,1,False,True,False,False,False,True,False,False
260,1,1,50.0,S,2,0,False,False,False,True,False,False,False,True
261,0,0,35.285714285714285,Q,1,1,False,False,True,False,False,False,True,False
262,1,0,3.0,S,7,0,True,False,False,False,False,False,False,True
263,0,0,52.0,S,3,0,False,False,True,False,False,False,False,True
264,0,0,40.0,S,1,1,False,False,True,False,False,False,False,True
265,0,1,20.142857142857142,Q,1,1,False,True,False,False,False,False,True,False
266,0,0,36.0,S,1,1,False,False,True,False,False,False,False,True
267,0,0,16.0,S,6,0,False,False,True,False,False,False,False,True
268,1,0,25.0,S,2,0,False,False,True,False,False,False,False,True
269,1,1,58.0,S,2,0,False,False,False,True,False,False,False,True
270,1,1,35.0,S,1,1,False,True,False,False,False,False,False,True
271,0,0,30.857142857142858,S,1,1,False,False,True,False,False,False,False,True
272,1,0,25.0,S,1,1,False,False,True,False,False,False,False,True
273,1,1,41.0,S,2,0,False,False,False,True,False,False,False,True
274,0,0,37.0,C,2,0,False,False,True,False,False,True,False,False
275,1,1,20.142857142857142,Q,1,1,False,True,False,False,False,False,True,False
276,1,1,63.0,S,2,0,False,True,False,False,False,False,False,True
277,0,1,45.0,S,1,1,False,True,False,False,False,False,False,True
278,0,0,30.857142857142858,S,1,1,False,False,True,False,False,False,False,True
279,0,0,7.0,Q,6,0,True,False,False,False,False,False,True,False
280,1,1,35.0,S,3,0,False,False,False,True,False,False,False,True
281,0,0,65.0,Q,1,1,False,False,True,False,False,False,True,False
282,0,0,28.0,S,1,1,False,False,True,False,False,False,False,True
283,0,0,16.0,S,1,1,False,False,True,False,False,False,False,True
284,1,0,19.0,S,1,1,False,False,True,False,False,False,False,True
285,0,0,30.857142857142858,S,1,1,False,False,True,False,False,False,False,True
286,0,0,33.0,C,1,1,False,False,True,False,False,True,False,False
287,1,0,30.0,S,1,1,False,False,True,False,False,False,False,True
288,0,0,22.0,S,1,1,False,False,True,False,False,False,False,True
289,1,0,42.0,S,1,1,False,False,True,False,False,False,False,True
290,1,1,22.0,Q,1,1,False,True,False,False,False,False,True,False
291,1,1,26.0,S,1,1,False,True,False,False,False,False,False,True
292,1,1,19.0,C,2,0,False,False,False,True,False,True,False,False
293,0,0,36.0,C,1,1,False,False,True,False,False,True,False,False
294,0,1,24.0,S,1,1,False,True,False,False,False,False,False,True
295,0,0,24.0,S,1,1,False,False,True,False,False,False,False,True
296,0,0,44.0,C,1,1,False,False,True,False,False,True,False,False
297,0,0,23.5,C,1,1,False,False,True,False,False,True,False,False
298,0,1,2.0,S,4,0,False,True,False,False,False,False,False,True
299,1,0,30.857142857142858,S,1,1,False,False,True,False,False,False,False,True
300,1,1,50.0,C,2,0,False,False,False,True,False,True,False,False
301,1,1,20.142857142857142,Q,1,1,False,True,False,False,False,False,True,False
302,1,0,37.142857142857146,Q,3,0,False,False,True,False,False,False,True,False
303,0,0,19.0,S,1,1,False,False,True,False,False,False,False,True
304,1,1,20.142857142857142,Q,1,1,False,True,False,False,False,False,True,False
305,0,0,30.857142857142858,S,1,1,False,False,True,False,False,False,False,True
306,1,0,0.92,S,4,0,True,False,False,False,False,False,False,True
307,1,1,31.714285714285715,C,1,1,False,True,False,False,False,True,False,False
308,1,1,17.0,C,2,0,False,False,False,True,False,True,False,False
309,0,0,30.0,C,2,0,False,False,True,False,False,True,False,False
310,1,1,30.0,C,1,1,False,True,False,False,False,True,False,False
311,1,1,24.0,C,1,1,False,True,False,False,False,True,False,False
312,1,1,18.0,C,5,0,False,True,False,False,False,True,False,False
313,0,1,26.0,S,3,0,False,False,False,True,False,False,False,True
314,0,0,28.0,S,1,1,False,False,True,False,False,False,False,True
315,0,0,43.0,S,3,0,False,False,True,False,False,False,False,True
316,1,1,26.0,S,1,1,False,True,False,False,False,False,False,True
317,1,1,24.0,S,2,0,False,False,False,True,False,False,False,True
318,0,0,54.0,S,1,1,False,False,False,False,True,False,False,True
319,1,1,31.0,S,3,0,False,True,False,False,False,False,False,True
320,1,1,40.0,C,3,0,False,False,False,True,False,True,False,False
321,0,0,22.0,S,1,1,False,False,True,False,False,False,False,True
322,0,0,27.0,S,1,1,False,False,True,False,False,False,False,True
323,1,1,30.0,Q,1,1,False,True,False,False,False,False,True,False
324,1,1,22.0,S,3,0,False,False,False,True,False,False,False,True
325,0,0,19.0,S,11,0,False,False,True,False,False,False,False,True
326,1,1,36.0,C,1,1,False,True,False,False,False,True,False,False
327,0,0,61.0,S,1,1,False,False,True,False,False,False,False,True
328,1,1,36.0,S,1,1,False,False,False,True,False,False,False,True
329,1,1,31.0,S,3,0,False,False,False,True,False,False,False,True
330,1,1,16.0,C,2,0,False,True,False,False,False,True,False,False
331,1,1,21.285714285714285,Q,3,0,False,True,False,False,False,False,True,False
332,0,0,45.5,S,1,1,False,False,True,False,False,False,False,True
333,0,0,38.0,S,2,0,False,False,True,False,False,False,False,True
334,0,0,16.0,S,3,0,False,False,True,False,False,False,False,True
335,1,1,28.142857142857142,S,2,0,False,False,False,True,False,False,False,True
336,0,0,30.857142857142858,S,1,1,False,False,True,False,False,False,False,True
337,0,0,29.0,S,2,0,False,False,True,False,False,False,False,True
338,1,1,41.0,C,1,1,False,True,False,False,False,True,False,False
339,1,0,45.0,S,1,1,False,False,True,False,False,False,False,True
340,0,0,45.0,S,1,1,False,False,True,False,False,False,False,True
341,1,0,2.0,S,3,0,True,False,False,False,False,False,False,True
342,1,1,24.0,S,6,0,False,True,False,False,False,False,False,True
343,0,0,28.0,S,1,1,False,False,True,False,False,False,False,True
344,0,0,25.0,S,1,1,False,False,True,False,False,False,False,True
345,0,0,36.0,S,1,1,False,False,True,False,False,False,False,True
346,1,1,24.0,S,1,1,False,True,False,False,False,False,False,True
347,1,1,40.0,S,1,1,False,True,False,False,False,False,False,True
348,1,1,28.142857142857142,S,2,0,False,False,False,True,False,False,False,True
349,1,0,3.0,S,3,0,True,False,False,False,False,False,False,True
350,0,0,42.0,S,1,1,False,False,True,False,False,False,False,True
351,0,0,23.0,S,1,1,False,False,True,False,False,False,False,True
352,0,0,30.857142857142858,S,1,1,False,False,True,False,False,False,False,True
353,0,0,15.0,C,3,0,False,False,True,False,False,True,False,False
354,0,0,25.0,S,2,0,False,False,True,False,False,False,False,True
355,0,0,44.0,C,1,1,False,False,True,False,False,True,False,False
356,0,0,28.0,S,1,1,False,False,True,False,False,False,False,True
357,1,1,22.0,S,2,0,False,True,False,False,False,False,False,True
358,0,1,38.0,S,1,1,False,True,False,False,False,False,False,True
359,1,1,20.142857142857142,Q,1,1,False,True,False,False,False,False,True,False
360,1,1,20.142857142857142,Q,1,1,False,True,False,False,False,False,True,False
361,0,0,40.0,S,6,0,False,False,True,False,False,False,False,True
362,0,0,29.0,C,2,0,False,False,True,False,False,True,False,False
363,0,1,45.0,C,2,0,False,False,False,True,False,True,False,False
364,0,0,35.0,S,1,1,False,False,True,False,False,False,False,True
365,0,0,36.57142857142857,Q,2,0,False,False,True,False,False,False,True,False
366,0,0,30.0,S,1,1,False,False,True,False,False,False,False,True
367,1,1,60.0,C,2,0,False,False,False,True,False,True,False,False
368,1,1,34.285714285714285,C,1,1,False,False,False,True,False,True,False,False
369,1,1,20.142857142857142,Q,1,1,False,True,False,False,False,False,True,False
370,1,1,24.0,C,1,1,False,False,False,False,True,True,False,False
371,1,0,25.0,C,2,0,False,False,True,False,False,True,False,False
372,0,0,18.0,S,2,0,False,False,True,False,False,False,False,True
373,0,0,19.0,S,1,1,False,False,True,False,False,False,False,True
374,0,0,22.0,C,1,1,False,False,True,False,False,True,False,False
375,0,1,3.0,S,5,0,False,True,False,False,False,False,False,True
376,1,1,35.857142857142854,C,2,0,False,False,False,True,False,True,False,False
377,1,1,22.0,S,1,1,False,True,False,False,False,False,False,True
378,0,0,27.0,C,3,0,False,False,True,False,False,True,False,False
379,0,0,20.0,C,1,1,False,False,True,False,False,True,False,False
380,0,0,19.0,S,1,1,False,False,True,False,False,False,False,True
381,1,1,42.0,C,1,1,False,True,False,False,False,True,False,False
382,1,1,1.0,C,3,0,False,True,False,False,False,True,False,False
383,0,0,32.0,S,1,1,False,False,True,False,False,False,False,True
384,1,1,35.0,S,2,0,False,False,False,True,False,False,False,True
385,0,0,30.857142857142858,S,1,1,False,False,True,False,False,False,False,True
386,0,0,18.0,S,1,1,False,False,True,False,False,False,False,True
387,0,0,1.0,S,8,0,True,False,False,False,False,False,False,True
388,1,1,36.0,S,1,1,False,True,False,False,False,False,False,True
389,0,0,35.285714285714285,Q,1,1,False,False,True,False,False,False,True,False
390,1,1,17.0,C,1,1,False,True,False,False,False,True,False,False
391,1,0,36.0,S,4,0,False,False,True,False,False,False,False,True
392,1,0,21.0,S,1,1,False,False,True,False,False,False,False,True
393,0,0,28.0,S,3,0,False,False,True,False,False,False,False,True
394,1,1,23.0,C,2,0,False,True,False,False,False,True,False,False
395,1,1,24.0,S,3,0,False,False,False,True,False,False,False,True
396,0,0,22.0,S,1,1,False,False,True,False,False,False,False,True
397,0,1,31.0,S,1,1,False,True,False,False,False,False,False,True
398,0,0,46.0,S,1,1,False,False,True,False,False,False,False,True
399,0,0,23.0,S,1,1,False,False,False,False,True,False,False,True
400,1,1,28.0,S,1,1,False,False,False,True,False,False,False,True
401,1,0,39.0,S,1,1,False,False,True,False,False,False,False,True
402,0,0,26.0,S,1,1,False,False,True,False,False,False,False,True
403,0,1,21.0,S,2,0,False,True,False,False,False,False,False,True
404,0,0,28.0,S,2,0,False,False,True,False,False,False,False,True
405,0,1,20.0,S,1,1,False,True,False,False,False,False,False,True
406,0,0,34.0,S,2,0,False,False,True,False,False,False,False,True
407,0,0,51.0,S,1,1,False,False,True,False,False,False,False,True
408,1,0,3.0,S,3,0,True,False,False,False,False,False,False,True
409,0,0,21.0,S,1,1,False,False,True,False,False,False,False,True
410,0,1,14.571428571428571,S,5,0,False,True,False,False,False,False,False,True
411,0,0,30.857142857142858,S,1,1,False,False,True,False,False,False,False,True
412,0,0,35.285714285714285,Q,1,1,False,False,True,False,False,False,True,False
413,1,1,33.0,Q,2,0,False,True,False,False,False,False,True,False
414,0,0,30.857142857142858,S,1,1,False,False,True,False,False,False,False,True
415,1,0,44.0,S,1,1,False,False,True,False,False,False,False,True
416,0,1,42.42857142857143,S,1,1,False,False,False,True,False,False,False,True
417,1,1,34.0,S,3,0,False,False,False,True,False,False,False,True
418,1,1,18.0,S,3,0,False,True,False,False,False,False,False,True
419,0,0,30.0,S,1,1,False,False,True,False,False,False,False,True
420,0,1,10.0,S,3,0,False,True,False,False,False,False,False,True
421,0,0,44.0,C,1,1,False,False,True,False,False,True,False,False
422,0,0,21.0,Q,1,1,False,False,True,False,False,False,True,False
423,0,0,29.0,S,1,1,False,False,True,False,False,False,False,True
424,0,1,28.0,S,3,0,False,False,False,True,False,False,False,True
425,0,0,18.0,S,3,0,False,False,True,False,False,False,False,True
426,0,0,30.857142857142858,S,1,1,False,False,True,False,False,False,False,True
427,1,1,28.0,S,2,0,False,False,False,True,False,False,False,True
428,1,1,19.0,S,1,1,False,True,False,False,False,False,False,True
429,0,0,35.285714285714285,Q,1,1,False,False,True,False,False,False,True,False
430,1,0,32.0,S,1,1,False,False,True,False,False,False,False,True
431,1,0,28.0,S,1,1,False,False,True,False,False,False,False,True
432,1,1,28.142857142857142,S,2,0,False,False,False,True,False,False,False,True
433,1,1,42.0,S,2,0,False,False,False,True,False,False,False,True
434,0,0,17.0,S,1,1,False,False,True,False,False,False,False,True
435,0,0,50.0,S,2,0,False,False,True,False,False,False,False,True
436,1,1,14.0,S,4,0,False,True,False,False,False,False,False,True
437,0,1,21.0,S,5,0,False,True,False,False,False,False,False,True
438,1,1,24.0,S,6,0,False,False,False,True,False,False,False,True
439,0,0,64.0,S,6,0,False,False,True,False,False,False,False,True
440,0,0,31.0,S,1,1,False,False,True,False,False,False,False,True
441,1,1,45.0,S,3,0,False,False,False,True,False,False,False,True
442,0,0,20.0,S,1,1,False,False,True,False,False,False,False,True
443,0,0,25.0,S,2,0,False,False,True,False,False,False,False,True
444,1,1,28.0,S,1,1,False,False,False,False,True,False,False,True
445,1,0,30.857142857142858,S,1,1,False,False,True,False,False,False,False,True
446,1,0,4.0,S,3,0,True,False,False,False,False,False,False,True
447,1,1,13.0,S,2,0,False,True,False,False,False,False,False,True
448,1,0,34.0,S,1,1,False,False,True,False,False,False,False,True
449,1,1,5.0,C,4,0,False,True,False,False,False,True,False,False
450,1,0,52.0,S,1,1,False,False,False,False,True,False,False,True
451,0,0,36.0,S,4,0,False,False,True,False,False,False,False,True
452,0,0,24.142857142857142,S,2,0,False,False,True,False,False,False,False,True
453,0,0,30.0,C,1,1,False,False,True,False,False,True,False,False
454,1,0,49.0,C,2,0,False,False,True,False,False,True,False,False
455,0,0,30.857142857142858,S,1,1,False,False,True,False,False,False,False,True
456,1,0,29.0,C,1,1,False,False,True,False,False,True,False,False
457,0,0,65.0,S,1,1,False,False,True,False,False,False,False,True
458,1,1,28.142857142857142,S,2,0,False,False,False,True,False,False,False,True
459,1,1,50.0,S,1,1,False,True,False,False,False,False,False,True
460,0,0,35.285714285714285,Q,1,1,False,False,True,False,False,False,True,False
461,1,0,48.0,S,1,1,False,False,True,False,False,False,False,True
462,0,0,34.0,S,1,1,False,False,True,False,False,False,False,True
463,0,0,47.0,S,1,1,False,False,True,False,False,False,False,True
464,0,0,48.0,S,1,1,False,False,True,False,False,False,False,True
465,0,0,30.857142857142858,S,1,1,False,False,True,False,False,False,False,True
466,0,0,38.0,S,1,1,False,False,True,False,False,False,False,True
467,0,0,30.857142857142858,S,1,1,False,False,True,False,False,False,False,True
468,0,0,56.0,S,1,1,False,False,True,False,False,False,False,True
469,0,0,35.285714285714285,Q,1,1,False,False,True,False,False,False,True,False
470,1,1,0.75,C,4,0,False,True,False,False,False,True,False,False
471,0,0,30.857142857142858,S,1,1,False,False,True,False,False,False,False,True
472,0,0,38.0,S,1,1,False,False,True,False,False,False,False,True
473,1,1,33.0,S,4,0,False,False,False,True,False,False,False,True
474,1,1,23.0,C,1,1,False,False,False,True,False,True,False,False
475,0,1,22.0,S,1,1,False,True,False,False,False,False,False,True
476,0,0,30.857142857142858,S,1,1,False,False,True,False,False,False,False,True
477,0,0,34.0,S,2,0,False,False,True,False,False,False,False,True
478,0,0,29.0,S,2,0,False,False,True,False,False,False,False,True
479,0,0,22.0,S,1,1,False,False,True,False,False,False,False,True
480,1,1,2.0,S,2,0,False,True,False,False,False,False,False,True
481,0,0,9.0,S,8,0,True,False,False,False,False,False,False,True
482,0,0,30.857142857142858,S,1,1,False,False,True,False,False,False,False,True
483,0,0,50.0,S,1,1,False,False,True,False,False,False,False,True
484,1,1,63.0,S,1,1,False,False,False,True,False,False,False,True
485,1,0,25.0,C,2,0,False,False,True,False,False,True,False,False
486,0,1,14.571428571428571,S,5,0,False,True,False,False,False,False,False,True
487,1,1,35.0,S,2,0,False,False,False,True,False,False,False,True
488,0,0,58.0,C,1,1,False,False,True,False,False,True,False,False
489,0,0,30.0,S,1,1,False,False,True,False,False,False,False,True
490,1,0,9.0,S,3,0,True,False,False,False,False,False,False,True
491,0,0,24.142857142857142,S,2,0,False,False,True,False,False,False,False,True
492,0,0,21.0,S,1,1,False,False,True,False,False,False,False,True
493,0,0,55.0,S,1,1,False,False,True,False,False,False,False,True
494,0,0,71.0,C,1,1,False,False,True,False,False,True,False,False
495,0,0,21.0,S,1,1,False,False,True,False,False,False,False,True
496,0,0,44.0,C,1,1,False,False,True,False,False,True,False,False
497,1,1,54.0,C,2,0,False,True,False,False,False,True,False,False
498,0,0,30.857142857142858,S,1,1,False,False,True,False,False,False,False,True
499,0,1,25.0,S,4,0,False,False,False,True,False,False,False,True
500,0,0,24.0,S,1,1,False,False,True,False,False,False,False,True
501,0,0,17.0,S,1,1,False,False,True,False,False,False,False,True
502,0,1,21.0,Q,1,1,False,True,False,False,False,False,True,False
503,0,1,20.142857142857142,Q,1,1,False,True,False,False,False,False,True,False
504,0,1,37.0,S,1,1,False,True,False,False,False,False,False,True
505,1,1,16.0,S,1,1,False,True,False,False,False,False,False,True
506,0,0,18.0,C,2,0,False,False,True,False,False,True,False,False
507,1,1,33.0,S,3,0,False,False,False,True,False,False,False,True
508,1,0,30.857142857142858,S,1,1,False,False,True,False,False,False,False,True
509,0,0,28.0,S,1,1,False,False,True,False,False,False,False,True
510,1,0,26.0,S,1,1,False,False,True,False,False,False,False,True
511,1,0,29.0,Q,1,1,False,False,True,False,False,False,True,False
512,0,0,30.857142857142858,S,1,1,False,False,True,False,False,False,False,True
513,1,0,36.0,S,1,1,False,False,True,False,False,False,False,True
514,1,1,54.0,C,2,0,False,False,False,True,False,True,False,False
515,0,0,24.0,S,1,1,False,False,True,False,False,False,False,True
516,0,0,47.0,S,1,1,False,False,True,False,False,False,False,True
517,1,1,34.0,S,1,1,False,False,False,True,False,False,False,True
518,0,0,35.285714285714285,Q,1,1,False,False,True,False,False,False,True,False
519,1,1,36.0,S,2,0,False,False,False,True,False,False,False,True
520,0,0,32.0,S,1,1,False,False,True,False,False,False,False,True
521,1,1,30.0,S,1,1,False,True,False,False,False,False,False,True
522,0,0,22.0,S,1,1,False,False,True,False,False,False,False,True
523,0,0,44.0,C,1,1,False,False,True,False,False,True,False,False
524,1,1,44.0,C,2,0,False,False,False,True,False,True,False,False
525,0,0,44.0,C,1,1,False,False,True,False,False,True,False,False
526,0,0,40.5,Q,1,1,False,False,True,False,False,False,True,False
527,1,1,50.0,S,1,1,False,True,False,False,False,False,False,True
528,0,0,30.857142857142858,S,1,1,False,False,True,False,False,False,False,True
529,0,0,39.0,S,1,1,False,False,True,False,False,False,False,True
530,0,0,23.0,S,4,0,False,False,True,False,False,False,False,True
531,1,1,2.0,S,3,0,False,True,False,False,False,False,False,True
532,0,0,44.0,C,1,1,False,False,True,False,False,True,False,False
533,0,0,17.0,C,3,0,False,False,True,False,False,True,False,False
534,1,1,41.857142857142854,C,3,0,False,False,False,True,False,True,False,False
535,0,1,30.0,S,1,1,False,True,False,False,False,False,False,True
536,1,1,7.0,S,3,0,False,True,False,False,False,False,False,True
537,0,0,45.0,S,1,1,False,False,False,False,True,False,False,True
538,1,1,30.0,C,1,1,False,True,False,False,False,True,False,False
539,0,0,30.857142857142858,S,1,1,False,False,True,False,False,False,False,True
540,1,1,22.0,C,3,0,False,True,False,False,False,True,False,False
541,1,1,36.0,S,3,0,False,True,False,False,False,False,False,True
542,0,1,9.0,S,7,0,False,True,False,False,False,False,False,True
543,0,1,11.0,S,7,0,False,True,False,False,False,False,False,True
544,1,0,32.0,S,2,0,False,False,True,False,False,False,False,True
545,0,0,50.0,C,2,0,False,False,True,False,False,True,False,False
546,0,0,64.0,S,1,1,False,False,True,False,False,False,False,True
547,1,1,19.0,S,2,0,False,False,False,True,False,False,False,True
548,1,0,44.0,C,1,1,False,False,True,False,False,True,False,False
549,0,0,33.0,S,3,0,False,False,True,False,False,False,False,True
550,1,0,8.0,S,3,0,True,False,False,False,False,False,False,True
551,1,0,17.0,C,3,0,False,False,True,False,False,True,False,False
552,0,0,27.0,S,1,1,False,False,True,False,False,False,False,True
553,0,0,35.285714285714285,Q,1,1,False,False,True,False,False,False,True,False
554,1,0,22.0,C,1,1,False,False,True,False,False,True,False,False
555,1,1,22.0,S,1,1,False,True,False,False,False,False,False,True
556,0,0,62.0,S,1,1,False,False,True,False,False,False,False,True
557,1,1,48.0,C,2,0,False,False,False,False,True,True,False,False
558,0,0,44.0,C,1,1,False,False,True,False,False,True,False,False
559,1,1,39.0,S,3,0,False,False,False,True,False,False,False,True
560,1,1,36.0,S,2,0,False,False,False,True,False,False,False,True
561,0,0,35.285714285714285,Q,1,1,False,False,True,False,False,False,True,False
562,0,0,40.0,S,1,1,False,False,True,False,False,False,False,True
563,0,0,28.0,S,1,1,False,False,True,False,False,False,False,True
564,0,0,30.857142857142858,S,1,1,False,False,True,False,False,False,False,True
565,0,1,23.5,S,1,1,False,True,False,False,False,False,False,True
566,0,0,24.0,S,3,0,False,False,True,False,False,False,False,True
567,0,0,19.0,S,1,1,False,False,True,False,False,False,False,True
568,0,1,29.0,S,5,0,False,False,False,True,False,False,False,True
569,0,0,44.0,C,1,1,False,False,True,False,False,True,False,False
570,1,0,32.0,S,1,1,False,False,True,False,False,False,False,True
571,1,0,62.0,S,1,1,False,False,True,False,False,False,False,True
572,1,1,53.0,S,3,0,False,False,False,True,False,False,False,True
573,1,0,36.0,S,1,1,False,False,True,False,False,False,False,True
574,1,1,20.142857142857142,Q,1,1,False,True,False,False,False,False,True,False
575,0,0,16.0,S,1,1,False,False,True,False,False,False,False,True
576,0,0,19.0,S,1,1,False,False,True,False,False,False,False,True
577,1,1,34.0,S,1,1,False,True,False,False,False,False,False,True
578,1,1,39.0,S,2,0,False,False,False,True,False,False,False,True
579,0,1,35.857142857142854,C,2,0,False,False,False,True,False,True,False,False
580,1,0,32.0,S,1,1,False,False,True,False,False,False,False,True
581,1,1,25.0,S,3,0,False,True,False,False,False,False,False,True
582,1,1,39.0,C,3,0,False,False,False,True,False,True,False,False
583,0,0,54.0,S,1,1,False,False,True,False,False,False,False,True
584,0,0,36.0,C,1,1,False,False,True,False,False,True,False,False
585,0,0,44.0,C,1,1,False,False,True,False,False,True,False,False
586,1,1,18.0,S,3,0,False,True,False,False,False,False,False,True
587,0,0,47.0,S,1,1,False,False,True,False,False,False,False,True
588,1,0,60.0,C,3,0,False,False,True,False,False,True,False,False
589,0,0,22.0,S,1,1,False,False,True,False,False,False,False,True
590,0,0,30.857142857142858,S,1,1,False,False,True,False,False,False,False,True
591,0,0,35.0,S,1,1,False,False,True,False,False,False,False,True
592,1,1,52.0,C,2,0,False,False,False,True,False,True,False,False
593,0,0,47.0,S,1,1,False,False,True,False,False,False,False,True
594,0,1,21.285714285714285,Q,3,0,False,True,False,False,False,False,True,False
595,0,0,37.0,S,2,0,False,False,True,False,False,False,False,True
596,0,0,36.0,S,3,0,False,False,True,False,False,False,False,True
597,1,1,23.5,S,1,1,False,True,False,False,False,False,False,True
598,0,0,49.0,S,1,1,False,False,True,False,False,False,False,True
599,0,0,44.0,C,1,1,False,False,True,False,False,True,False,False
600,1,0,49.0,C,2,0,False,False,False,False,True,True,False,False
601,1,1,24.0,S,4,0,False,False,False,True,False,False,False,True
602,0,0,30.857142857142858,S,1,1,False,False,True,False,False,False,False,True
603,0,0,30.857142857142858,S,1,1,False,False,True,False,False,False,False,True
604,0,0,44.0,S,1,1,False,False,True,False,False,False,False,True
605,1,0,35.0,C,1,1,False,False,True,False,False,True,False,False
606,0,0,36.0,S,2,0,False,False,True,False,False,False,False,True
607,0,0,30.0,S,1,1,False,False,True,False,False,False,False,True
608,1,0,27.0,S,1,1,False,False,True,False,False,False,False,True
609,1,1,22.0,C,4,0,False,False,False,True,False,True,False,False
610,1,1,40.0,S,1,1,False,True,False,False,False,False,False,True
611,0,1,39.0,S,7,0,False,False,False,True,False,False,False,True
612,0,0,30.857142857142858,S,1,1,False,False,True,False,False,False,False,True
613,1,1,14.857142857142858,Q,2,0,False,True,False,False,False,False,True,False
614,0,0,35.285714285714285,Q,1,1,False,False,True,False,False,False,True,False
615,0,0,35.0,S,1,1,False,False,True,False,False,False,False,True
616,1,1,24.0,S,4,0,False,True,False,False,False,False,False,True
617,0,0,34.0,S,3,0,False,False,True,False,False,False,False,True
618,0,1,26.0,S,2,0,False,False,False,True,False,False,False,True
619,1,1,4.0,S,4,0,False,True,False,False,False,False,False,True
620,0,0,26.0,S,1,1,False,False,True,False,False,False,False,True
621,0,0,27.0,C,2,0,False,False,True,False,False,True,False,False
622,1,0,42.0,S,2,0,False,False,True,False,False,False,False,True
623,1,0,20.0,C,3,0,False,False,True,False,False,True,False,False
624,0,0,21.0,S,1,1,False,False,True,False,False,False,False,True
625,0,0,21.0,S,1,1,False,False,True,False,False,False,False,True
626,0,0,61.0,S,1,1,False,False,True,False,False,False,False,True
627,0,0,57.0,Q,1,1,False,False,False,False,True,False,True,False
628,1,1,21.0,S,1,1,False,True,False,False,False,False,False,True
629,0,0,26.0,S,1,1,False,False,True,False,False,False,False,True
630,0,0,35.285714285714285,Q,1,1,False,False,True,False,False,False,True,False
631,1,0,80.0,S,1,1,False,False,True,False,False,False,False,True
632,0,0,51.0,S,1,1,False,False,True,False,False,False,False,True
633,1,0,32.0,C,1,1,False,False,False,False,True,True,False,False
634,0,0,30.857142857142858,S,1,1,False,False,True,False,False,False,False,True
635,0,1,9.0,S,6,0,False,True,False,False,False,False,False,True
636,1,1,28.0,S,1,1,False,True,False,False,False,False,False,True
637,0,0,32.0,S,1,1,False,False,True,False,False,False,False,True
638,0,0,31.0,S,3,0,False,False,True,False,False,False,False,True
639,0,1,41.0,S,6,0,False,False,False,True,False,False,False,True
640,0,0,24.142857142857142,S,2,0,False,False,True,False,False,False,False,True
641,0,0,20.0,S,1,1,False,False,True,False,False,False,False,True
642,1,1,24.0,C,1,1,False,False,False,False,True,True,False,False
643,0,1,2.0,S,6,0,False,True,False,False,False,False,False,True
644,1,0,30.857142857142858,S,1,1,False,False,True,False,False,False,False,True
645,1,1,0.75,C,4,0,False,True,False,False,False,True,False,False
646,1,0,48.0,C,2,0,False,False,True,False,False,True,False,False
647,0,0,19.0,S,1,1,False,False,True,False,False,False,False,True
648,1,0,56.0,C,1,1,False,False,False,False,True,True,False,False
649,0,0,30.857142857142858,S,1,1,False,False,True,False,False,False,False,True
650,1,1,23.0,S,1,1,False,True,False,False,False,False,False,True
651,0,0,30.857142857142858,S,1,1,False,False,True,False,False,False,False,True
652,1,1,18.0,S,2,0,False,True,False,False,False,False,False,True
653,0,0,21.0,S,1,1,False,False,True,False,False,False,False,True
654,1,1,20.142857142857142,Q,1,1,False,True,False,False,False,False,True,False
655,0,1,18.0,Q,1,1,False,True,False,False,False,False,True,False
656,0,0,24.0,S,3,0,False,False,True,False,False,False,False,True
657,0,0,30.857142857142858,S,1,1,False,False,True,False,False,False,False,True
658,0,1,32.0,Q,3,0,False,False,False,True,False,False,True,False
659,0,0,23.0,S,1,1,False,False,True,False,False,False,False,True
660,0,0,58.0,C,3,0,False,False,True,False,False,True,False,False
661,1,0,50.0,S,3,0,False,False,False,False,True,False,False,True
662,0,0,40.0,C,1,1,False,False,True,False,False,True,False,False
663,0,0,47.0,S,1,1,False,False,True,False,False,False,False,True
664,0,0,36.0,S,1,1,False,False,True,False,False,False,False,True
665,1,0,20.0,S,2,0,False,False,True,False,False,False,False,True
666,0,0,32.0,S,3,0,False,False,True,False,False,False,False,True
667,0,0,25.0,S,1,1,False,False,True,False,False,False,False,True
668,0,0,30.857142857142858,S,1,1,False,False,True,False,False,False,False,True
669,0,0,43.0,S,1,1,False,False,True,False,False,False,False,True
670,1,1,28.142857142857142,S,2,0,False,False,False,True,False,False,False,True
671,1,1,40.0,S,3,0,False,False,False,True,False,False,False,True
672,0,0,31.0,S,2,0,False,False,True,False,False,False,False,True
673,0,0,70.0,S,1,1,False,False,True,False,False,False,False,True
674,1,0,31.0,S,1,1,False,False,True,False,False,False,False,True
675,0,0,30.857142857142858,S,1,1,False,False,True,False,False,False,False,True
676,0,0,18.0,S,1,1,False,False,True,False,False,False,False,True
677,0,0,24.5,S,1,1,False,False,True,False,False,False,False,True
678,1,1,18.0,S,1,1,False,True,False,False,False,False,False,True
679,0,1,43.0,S,8,0,False,False,False,True,False,False,False,True
680,1,0,36.0,C,2,0,False,False,True,False,False,True,False,False
681,0,1,20.142857142857142,Q,1,1,False,True,False,False,False,False,True,False
682,1,0,27.0,C,1,1,False,False,True,False,False,True,False,False
683,0,0,20.0,S,1,1,False,False,True,False,False,False,False,True
684,0,0,14.0,S,8,0,False,False,True,False,False,False,False,True
685,0,0,60.0,S,3,0,False,False,True,False,False,False,False,True
686,0,0,25.0,C,4,0,False,False,True,False,False,True,False,False
687,0,0,14.0,S,6,0,False,False,True,False,False,False,False,True
688,0,0,19.0,S,1,1,False,False,True,False,False,False,False,True
689,0,0,18.0,S,1,1,False,False,True,False,False,False,False,True
690,1,1,15.0,S,2,0,False,True,False,False,False,False,False,True
691,1,0,31.0,S,2,0,False,False,True,False,False,False,False,True
692,1,1,4.0,C,2,0,False,True,False,False,False,True,False,False
693,1,0,30.857142857142858,S,1,1,False,False,True,False,False,False,False,True
694,0,0,25.0,C,1,1,False,False,True,False,False,True,False,False
695,0,0,60.0,S,1,1,False,False,False,False,True,False,False,True
696,0,0,52.0,S,1,1,False,False,True,False,False,False,False,True
697,0,0,44.0,S,1,1,False,False,True,False,False,False,False,True
698,1,1,20.142857142857142,Q,1,1,False,True,False,False,False,False,True,False
699,0,0,49.0,C,3,0,False,False,True,False,False,True,False,False
700,0,0,42.0,S,1,1,False,False,True,False,False,False,False,True
701,1,1,18.0,C,2,0,False,False,False,True,False,True,False,False
702,1,0,35.0,S,1,1,False,False,True,False,False,False,False,True
703,0,1,18.0,C,2,0,False,True,False,False,False,True,False,False
704,0,0,25.0,Q,1,1,False,False,True,False,False,False,True,False
705,0,0,26.0,S,2,0,False,False,True,False,False,False,False,True
706,0,0,39.0,S,1,1,False,False,True,False,False,False,False,True
707,1,1,45.0,S,1,1,False,False,False,True,False,False,False,True
708,1,0,42.0,S,1,1,False,False,True,False,False,False,False,True
709,1,1,22.0,S,1,1,False,True,False,False,False,False,False,True
710,1,0,5.631428571428572,C,3,0,True,False,False,False,False,True,False,False
711,1,1,24.0,C,1,1,False,False,False,False,True,True,False,False
712,0,0,30.857142857142858,S,1,1,False,False,True,False,False,False,False,True
713,1,0,48.0,S,2,0,False,False,True,False,False,False,False,True
714,0,0,29.0,S,1,1,False,False,True,False,False,False,False,True
715,0,0,52.0,S,1,1,False,False,True,False,False,False,False,True
716,0,0,19.0,S,1,1,False,False,True,False,False,False,False,True
717,1,1,38.0,C,1,1,False,True,False,False,False,True,False,False
718,1,1,27.0,S,1,1,False,True,False,False,False,False,False,True
719,0,0,35.285714285714285,Q,1,1,False,False,True,False,False,False,True,False
720,0,0,33.0,S,1,1,False,False,True,False,False,False,False,True
721,1,1,6.0,S,2,0,False,True,False,False,False,False,False,True
722,0,0,17.0,S,2,0,False,False,True,False,False,False,False,True
723,0,0,34.0,S,1,1,False,False,True,False,False,False,False,True
724,0,0,50.0,S,1,1,False,False,True,False,False,False,False,True
725,1,0,27.0,S,2,0,False,False,True,False,False,False,False,True
726,0,0,20.0,S,1,1,False,False,True,False,False,False,False,True
727,1,1,30.0,S,4,0,False,False,False,True,False,False,False,True
728,1,1,20.142857142857142,Q,1,1,False,True,False,False,False,False,True,False
729,0,0,25.0,S,2,0,False,False,True,False,False,False,False,True
730,0,1,25.0,S,2,0,False,True,False,False,False,False,False,True
731,1,1,29.0,S,1,1,False,True,False,False,False,False,False,True
732,0,0,11.0,C,1,1,False,False,True,False,False,True,False,False
733,0,0,30.857142857142858,S,1,1,False,False,True,False,False,False,False,True
734,0,0,23.0,S,1,1,False,False,True,False,False,False,False,True
735,0,0,23.0,S,1,1,False,False,True,False,False,False,False,True
736,0,0,28.5,S,1,1,False,False,True,False,False,False,False,True
737,0,1,48.0,S,5,0,False,False,False,True,False,False,False,True
738,1,0,35.0,C,1,1,False,False,True,False,False,True,False,False
739,0,0,30.857142857142858,S,1,1,False,False,True,False,False,False,False,True
740,0,0,30.857142857142858,S,1,1,False,False,True,False,False,False,False,True
741,1,0,30.857142857142858,S,1,1,False,False,True,False,False,False,False,True
742,0,0,36.0,S,2,0,False,False,True,False,False,False,False,True
743,1,1,21.0,C,5,0,False,True,False,False,False,True,False,False
744,0,0,24.0,S,2,0,False,False,True,False,False,False,False,True
745,1,0,31.0,S,1,1,False,False,True,False,False,False,False,True
746,0,0,70.0,S,3,0,False,False,False,False,True,False,False,True
747,0,0,16.0,S,3,0,False,False,True,False,False,False,False,True
748,1,1,30.0,S,1,1,False,True,False,False,False,False,False,True
749,0,0,19.0,S,2,0,False,False,True,False,False,False,False,True
750,0,0,31.0,Q,1,1,False,False,True,False,False,False,True,False
751,1,1,4.0,S,3,0,False,True,False,False,False,False,False,True
752,1,0,6.0,S,2,0,True,False,False,False,False,False,False,True
753,0,0,33.0,S,1,1,False,False,True,False,False,False,False,True
754,0,0,23.0,S,1,1,False,False,True,False,False,False,False,True
755,1,1,48.0,S,4,0,False,False,False,True,False,False,False,True
756,1,0,0.67,S,3,0,True,False,False,False,False,False,False,True
757,0,0,28.0,S,1,1,False,False,True,False,False,False,False,True
758,0,0,18.0,S,1,1,False,False,True,False,False,False,False,True
759,0,0,34.0,S,1,1,False,False,True,False,False,False,False,True
760,1,1,33.0,S,1,1,False,False,False,False,True,False,False,True
761,0,0,30.857142857142858,S,1,1,False,False,True,False,False,False,False,True
762,0,0,41.0,S,1,1,False,False,True,False,False,False,False,True
763,1,0,20.0,C,1,1,False,False,True,False,False,True,False,False
764,1,1,36.0,S,4,0,False,False,False,True,False,False,False,True
765,0,0,16.0,S,1,1,False,False,True,False,False,False,False,True
766,1,1,51.0,S,2,0,False,False,False,True,False,False,False,True
767,0,0,35.0,C,1,1,False,False,False,False,True,True,False,False
768,0,1,30.5,Q,1,1,False,True,False,False,False,False,True,False
769,0,0,36.57142857142857,Q,2,0,False,False,True,False,False,False,True,False
770,0,0,32.0,S,1,1,False,False,True,False,False,False,False,True
771,0,0,24.0,S,1,1,False,False,True,False,False,False,False,True
772,0,0,48.0,S,1,1,False,False,True,False,False,False,False,True
773,0,1,57.0,S,1,1,False,False,False,True,False,False,False,True
774,0,0,44.0,C,1,1,False,False,True,False,False,True,False,False
775,1,1,54.0,S,5,0,False,False,False,True,False,False,False,True
776,0,0,18.0,S,1,1,False,False,True,False,False,False,False,True
777,0,0,35.285714285714285,Q,1,1,False,False,True,False,False,False,True,False
778,1,1,5.0,S,1,1,False,True,False,False,False,False,False,True
779,0,0,35.285714285714285,Q,1,1,False,False,True,False,False,False,True,False
780,1,1,43.0,S,2,0,False,False,False,True,False,False,False,True
781,1,1,13.0,C,1,1,False,True,False,False,False,True,False,False
782,1,1,17.0,S,2,0,False,False,False,True,False,False,False,True
783,0,0,29.0,S,1,1,False,False,True,False,False,False,False,True
784,0,0,35.857142857142854,S,4,0,False,False,True,False,False,False,False,True
785,0,0,25.0,S,1,1,False,False,True,False,False,False,False,True
786,0,0,25.0,S,1,1,False,False,True,False,False,False,False,True
787,1,1,18.0,S,1,1,False,True,False,False,False,False,False,True
788,0,0,8.0,Q,6,0,True,False,False,False,False,False,True,False
789,1,0,1.0,S,4,0,True,False,False,False,False,False,False,True
790,0,0,46.0,C,1,1,False,False,True,False,False,True,False,False
791,0,0,35.285714285714285,Q,1,1,False,False,True,False,False,False,True,False
792,0,0,16.0,S,1,1,False,False,True,False,False,False,False,True
793,0,1,13.714285714285714,S,11,0,False,True,False,False,False,False,False,True
794,0,0,44.0,C,1,1,False,False,True,False,False,True,False,False
795,0,0,25.0,S,1,1,False,False,True,False,False,False,False,True
796,0,0,39.0,S,1,1,False,False,True,False,False,False,False,True
797,1,1,49.0,S,1,1,False,False,False,False,True,False,False,True
798,1,1,31.0,S,1,1,False,False,False,True,False,False,False,True
799,0,0,30.0,C,1,1,False,False,True,False,False,True,False,False
800,0,1,30.0,S,3,0,False,False,False,True,False,False,False,True
801,0,0,34.0,S,1,1,False,False,True,False,False,False,False,True
802,1,1,31.0,S,3,0,False,False,False,True,False,False,False,True
803,1,0,11.0,S,4,0,True,False,False,False,False,False,False,True
804,1,0,0.42,C,2,0,True,False,False,False,False,True,False,False
805,1,0,27.0,S,1,1,False,False,True,False,False,False,False,True
806,0,0,31.0,S,1,1,False,False,True,False,False,False,False,True
807,0,0,39.0,S,1,1,False,False,True,False,False,False,False,True
808,0,1,18.0,S,1,1,False,True,False,False,False,False,False,True
809,0,0,39.0,S,1,1,False,False,True,False,False,False,False,True
810,1,1,33.0,S,2,0,False,False,False,True,False,False,False,True
811,0,0,26.0,S,1,1,False,False,True,False,False,False,False,True
812,0,0,39.0,S,1,1,False,False,True,False,False,False,False,True
813,0,0,35.0,S,1,1,False,False,True,False,False,False,False,True
814,0,1,6.0,S,7,0,False,True,False,False,False,False,False,True
815,0,0,30.5,S,1,1,False,False,True,False,False,False,False,True
816,0,0,30.857142857142858,S,1,1,False,False,True,False,False,False,False,True
817,0,1,23.0,S,1,1,False,True,False,False,False,False,False,True
818,0,0,31.0,C,3,0,False,False,True,False,False,True,False,False
819,0,0,43.0,S,1,1,False,False,True,False,False,False,False,True
820,0,0,10.0,S,6,0,True,False,False,False,False,False,False,True
821,1,1,52.0,S,3,0,False,False,False,True,False,False,False,True
822,1,0,27.0,S,1,1,False,False,True,False,False,False,False,True
823,0,0,38.0,S,1,1,False,False,False,False,True,False,False,True
824,1,1,27.0,S,2,0,False,False,False,True,False,False,False,True
825,0,0,2.0,S,6,0,True,False,False,False,False,False,False,True
826,0,0,35.285714285714285,Q,1,1,False,False,True,False,False,False,True,False
827,0,0,30.857142857142858,S,1,1,False,False,True,False,False,False,False,True
828,1,0,1.0,C,3,0,True,False,False,False,False,True,False,False
829,1,0,35.285714285714285,Q,1,1,False,False,True,False,False,False,True,False
830,1,1,62.0,S,1,1,False,False,False,True,False,False,False,True
831,1,1,15.0,C,2,0,False,False,False,True,False,True,False,False
832,1,0,0.83,S,3,0,True,False,False,False,False,False,False,True
833,0,0,44.0,C,1,1,False,False,True,False,False,True,False,False
834,0,0,23.0,S,1,1,False,False,True,False,False,False,False,True
835,0,0,18.0,S,1,1,False,False,True,False,False,False,False,True
836,1,1,39.0,C,3,0,False,True,False,False,False,True,False,False
837,0,0,21.0,S,1,1,False,False,True,False,False,False,False,True
838,0,0,30.857142857142858,S,1,1,False,False,True,False,False,False,False,True
839,1,0,32.0,S,1,1,False,False,True,False,False,False,False,True
840,1,0,44.0,C,1,1,False,False,True,False,False,True,False,False
841,0,0,20.0,S,1,1,False,False,True,False,False,False,False,True
842,0,0,16.0,S,1,1,False,False,True,False,False,False,False,True
843,1,1,30.0,C,1,1,False,True,False,False,False,True,False,False
844,0,0,34.5,C,1,1,False,False,True,False,False,True,False,False
845,0,0,17.0,S,1,1,False,False,True,False,False,False,False,True
846,0,0,42.0,S,1,1,False,False,True,False,False,False,False,True
847,0,0,19.0,S,11,0,False,False,True,False,False,False,False,True
848,0,0,35.0,C,1,1,False,False,True,False,False,True,False,False
849,0,0,28.0,S,2,0,False,False,False,False,True,False,False,True
850,1,1,35.857142857142854,C,2,0,False,False,False,True,False,True,False,False
851,0,0,4.0,S,7,0,True,False,False,False,False,False,False,True
852,0,0,74.0,S,1,1,False,False,True,False,False,False,False,True
853,0,1,9.0,C,3,0,False,True,False,False,False,True,False,False
854,1,1,16.0,S,2,0,False,True,False,False,False,False,False,True
855,0,1,44.0,S,2,0,False,False,False,True,False,False,False,True
856,1,1,18.0,S,2,0,False,False,False,True,False,False,False,True
857,1,1,45.0,S,3,0,False,False,False,True,False,False,False,True
858,1,0,51.0,S,1,1,False,False,True,False,False,False,False,True
859,1,1,24.0,C,4,0,False,False,False,True,False,True,False,False
860,0,0,44.0,C,1,1,False,False,True,False,False,True,False,False
861,0,0,41.0,S,3,0,False,False,True,False,False,False,False,True
862,0,0,21.0,S,2,0,False,False,True,False,False,False,False,True
863,1,1,48.0,S,1,1,False,False,False,True,False,False,False,True
864,0,1,13.714285714285714,S,11,0,False,True,False,False,False,False,False,True
865,0,0,24.0,S,1,1,False,False,True,False,False,False,False,True
866,1,1,42.0,S,1,1,False,False,False,True,False,False,False,True
867,1,1,27.0,C,2,0,False,True,False,False,False,True,False,False
868,0,0,31.0,S,1,1,False,False,True,False,False,False,False,True
869,0,0,30.857142857142858,S,1,1,False,False,True,False,False,False,False,True
870,1,0,4.0,S,3,0,True,False,False,False,False,False,False,True
871,0,0,26.0,S,1,1,False,False,True,False,False,False,False,True
872,1,1,47.0,S,3,0,False,False,False,True,False,False,False,True
873,0,0,33.0,S,1,1,False,False,True,False,False,False,False,True
874,0,0,47.0,S,1,1,False,False,True,False,False,False,False,True
875,1,1,28.0,C,2,0,False,False,False,True,False,True,False,False
876,1,1,15.0,C,1,1,False,True,False,False,False,True,False,False
877,0,0,20.0,S,1,1,False,False,True,False,False,False,False,True
878,0,0,19.0,S,1,1,False,False,True,False,False,False,False,True
879,0,0,30.857142857142858,S,1,1,False,False,True,False,False,False,False,True
880,1,1,56.0,C,2,0,False,False,False,True,False,True,False,False
881,1,1,25.0,S,2,0,False,False,False,True,False,False,False,True
882,0,0,33.0,S,1,1,False,False,True,False,False,False,False,True
883,0,1,22.0,S,1,1,False,True,False,False,False,False,False,True
884,0,0,28.0,S,1,1,False,False,True,False,False,False,False,True
885,0,0,25.0,S,1,1,False,False,True,False,False,False,False,True
886,0,1,39.0,Q,6,0,False,False,False,True,False,False,True,False
887,0,0,27.0,S,1,1,False,False,False,False,True,False,False,True
888,1,1,19.0,S,1,1,False,True,False,False,False,False,False,True
889,0,1,10.142857142857142,S,4,0,False,True,False,False,False,False,False,True
890,1,0,26.0,C,1,1,False,False,True,False,False,True,False,False
891,0,0,32.0,Q,1,1,False,False,True,False,False,False,True,False
